Ward,RegisteredVoters,MEC7Votes,VoterTurnout,TurnoutRate,ElectionYear
Ward 59500001,17187,72,13050,0.756127237962802,2016
Ward 59500002,15903,7,10324,0.6489000628535512,2016
Ward 59500003,15544,1,9910,0.6375040205853972,2016
Ward 59500004,19368,52,13103,0.6747167868177137,2016
Ward 59500005,15202,45,10161,0.666426182199777,2016
Ward 59500006,18013,56,10866,0.6013614477834966,2016
Ward 59500007,16130,114,10867,0.6689854715587293,2016
Ward 59500008,21114,199,13433,0.6302726035752827,2016
Ward 59500009,20532,29,14219,0.6915519673167647,2016
Ward 59500010,16102,4,11428,0.7095492363094499,2016
Ward 59500011,18258,57,10029,0.5475839475839476,2016
Ward 59500012,17139,12,10598,0.6179231531689114,2016
Ward 59500013,15923,8,9446,0.5929320193333751,2016
Ward 59500014,19425,42,12453,0.639697950377562,2016
Ward 59500015,19497,801,11308,0.557099221598187,2016
Ward 59500016,19469,24,12316,0.6318165495306007,2016
Ward 59500017,17171,6,10552,0.6143098329161087,2016
Ward 59500018,19286,43,12389,0.6409540069325883,2016
Ward 59500019,19490,0,12534,0.643099025141098,2016
Ward 59500020,16636,1,10780,0.6479533569754162,2016
Ward 59500021,18020,16,11031,0.6116101131071191,2016
Ward 59500022,17889,2,10949,0.6119836789447208,2016
Ward 59500023,20789,69,11989,0.5747914469268386,2016
Ward 59500024,19462,21,11940,0.6128419647898168,2016
Ward 59500025,20155,192,11216,0.5512360544552023,2016
Ward 59500026,15224,33,6199,0.4063053024841057,2016
Ward 59500027,14908,7,8687,0.5824337914850821,2016
Ward 59500028,16419,5,6470,0.3939357038480273,2016
Ward 59500029,18318,52,10393,0.5657593903102885,2016
Ward 59500030,19880,57,11491,0.5763655514871846,2016
Ward 59500031,19297,72,11370,0.5870204966699365,2016
Ward 59500032,17859,7,7357,0.4117877532743759,2016
Ward 59500033,18530,21,10281,0.5542019298151043,2016
Ward 59500034,18106,16,11183,0.6170952433506236,2016
Ward 59500035,18100,611,12560,0.6712628934851157,2016
Ward 59500036,17928,0,11721,0.6537817938420348,2016
Ward 59500037,19423,12,11172,0.5748392076151273,2016
Ward 59500038,17082,11,9960,0.5826946703328848,2016
Ward 59500039,19298,0,9292,0.4815006736449373,2016
Ward 59500040,18336,37,11336,0.6169923256953138,2016
Ward 59500041,14943,11,8579,0.5736926574829477,2016
Ward 59500042,14542,110,9151,0.6245563745563746,2016
Ward 59500043,14992,10,9439,0.629182775629916,2016
Ward 59500044,15361,14,9563,0.6219837398373984,2016
Ward 59500045,15032,9,9341,0.6210358353832857,2016
Ward 59500046,13089,17,6180,0.471539752784984,2016
Ward 59500047,14466,15,8773,0.6058283267730129,2016
Ward 59500048,18482,17,10690,0.5778690740040002,2016
Ward 59500049,19696,2,11449,0.5812265204589299,2016
Ward 59500050,17590,4,10739,0.6103785381380016,2016
Ward 59500051,20096,53,12357,0.6132810561318179,2016
Ward 59500052,18508,10,10877,0.5873744464845015,2016
Ward 59500053,17483,47,9877,0.5634341129492298,2016
Ward 59500054,14610,91,8695,0.5914563635126863,2016
Ward 59500055,16910,232,10508,0.6129973165324933,2016
Ward 59500056,15036,1,9779,0.6503291880029262,2016
Ward 59500057,18526,13,11578,0.6245212794649118,2016
Ward 59500058,17968,5,11591,0.6449118121626884,2016
Ward 59500059,16602,37,10848,0.6519622573471964,2016
Ward 59500060,16989,17,10263,0.6034928848641656,2016
Ward 59500061,17208,1,9599,0.5577895287349642,2016
Ward 59500062,16722,26,9526,0.5687843324576068,2016
Ward 59500063,18437,24,11813,0.6398894967769894,2016
Ward 59500064,19037,10,11001,0.5775712710663097,2016
Ward 59500065,19821,9,12402,0.6254160363086233,2016
Ward 59500066,17986,11,11178,0.6211035172528755,2016
Ward 59500067,15894,22,9651,0.6063709474742398,2016
Ward 59500068,19449,24,11644,0.5979561444050737,2016
Ward 59500069,17647,31,12198,0.6900101821473017,2016
Ward 59500070,19408,21,11607,0.5974059395748623,2016
Ward 59500071,21006,14,11498,0.5470028544243578,2016
Ward 59500072,17092,0,9949,0.5820851860519541,2016
Ward 59500073,19111,0,10929,0.5718696038930459,2016
Ward 59500074,15050,6,8583,0.5700717321997875,2016
Ward 59500075,15966,11,8814,0.5516680227827502,2016
Ward 59500076,14187,27,6571,0.4622906993105389,2016
Ward 59500077,16178,0,9713,0.6003832364940042,2016
Ward 59500078,18497,3,9901,0.5351891891891892,2016
Ward 59500079,20213,118,11216,0.5516698637548572,2016
Ward 59500080,15546,17,9153,0.5881256827089892,2016
Ward 59500081,15236,3,8220,0.5394054728000525,2016
Ward 59500082,18738,11,9979,0.5322417195583764,2016
Ward 59500083,17479,53,9873,0.563141683778234,2016
Ward 59500084,18198,2,9614,0.5282417582417582,2016
Ward 59500085,16401,78,9026,0.5477274106438498,2016
Ward 59500086,16158,52,9133,0.5634176434299815,2016
Ward 59500087,14705,45,7558,0.512406779661017,2016
Ward 59500088,17203,7,8631,0.5015107495642068,2016
Ward 59500089,15634,66,8576,0.5462420382165605,2016
Ward 59500090,18855,31,10693,0.5661865932436726,2016
Ward 59500091,15369,87,9756,0.6312111801242236,2016
Ward 59500092,18887,58,11606,0.6126154658221167,2016
Ward 59500093,16813,30,10138,0.6019117734370362,2016
Ward 59500094,17729,104,10950,0.6140301687882016,2016
Ward 59500095,19359,75,12118,0.623546362045899,2016
Ward 59500096,17883,109,11515,0.6400066696309471,2016
Ward 59500097,15646,25,10105,0.6448216450768937,2016
Ward 59500098,17135,34,10842,0.6314869823519134,2016
Ward 59500099,15493,21,8654,0.557818744359933,2016
Ward 59500100,19518,159,13876,0.7051887991055547,2016
Ward 59500101,16754,27,8944,0.5329837316012157,2016
Ward 59500102,17345,9,11450,0.6597902500864354,2016
Ward 59500103,16915,77,11436,0.6730225988700564,2016
Ward 59500104,15475,16,9317,0.6014460009037506,2016
Ward 59500105,16761,96,10380,0.615767930236697,2016
Ward 59500106,16644,3,10174,0.6111611701808134,2016
Ward 59500107,15620,11,10030,0.641673597338622,2016
Ward 59500108,15605,18,10052,0.6434103565256353,2016
Ward 59500109,19053,42,10817,0.5664833726106311,2016
Ward 59500110,19325,1,11510,0.595570733726586,2016
Ward 59500001,18289,160,10633,0.576345601387609,2021
Ward 59500002,18664,225,9263,0.4903912329927471,2021
Ward 59500003,15086,0,6739,0.4467055548190375,2021
Ward 59500004,19776,70,8836,0.44522825758339213,2021
Ward 59500005,14605,20,6646,0.45442735042735044,2021
Ward 59500006,18104,42,8305,0.457676622947206,2021
Ward 59500007,16364,62,8234,0.5012784609765006,2021
Ward 59500008,19179,186,9894,0.5109217660728118,2021
Ward 59500009,18734,145,10256,0.5432491127708036,2021
Ward 59500010,19912,46,11479,0.5751578314460367,2021
Ward 59500011,19677,131,7715,0.38948909531502424,2021
Ward 59500012,16467,9,6058,0.3676863316338917,2021
Ward 59500013,15059,22,6190,0.4104502353955308,2021
Ward 59500014,18563,232,7066,0.375951050811386,2021
Ward 59500015,19106,14,7363,0.38509414225941424,2021
Ward 59500016,19531,0,8218,0.42076698581741845,2021
Ward 59500017,18977,40,8334,0.43823946994794133,2021
Ward 59500018,19154,38,9359,0.4876511046269279,2021
Ward 59500019,18843,104,8104,0.4277194278777643,2021
Ward 59500020,15835,41,6767,0.4262408667170572,2021
Ward 59500021,17447,24,7372,0.42195638486634995,2021
Ward 59500022,17191,54,6619,0.3838213975065236,2021
Ward 59500023,19508,0,8161,0.41834119335657166,2021
Ward 59500024,19057,117,8508,0.4437258787942005,2021
Ward 59500025,16073,103,6697,0.4140084075173096,2021
Ward 59500026,14552,41,3899,0.26718289590899746,2021
Ward 59500027,18725,100,8052,0.4277290836653386,2021
Ward 59500028,16768,102,3530,0.2092471843509188,2021
Ward 59500029,22962,83,7379,0.3201996094597527,2021
Ward 59500030,15378,30,6943,0.4506100726895119,2021
Ward 59500031,19694,108,8611,0.4348550651449349,2021
Ward 59500032,17479,137,3002,0.17041326067211626,2021
Ward 59500033,17205,105,6919,0.3997111496244945,2021
Ward 59500034,16737,48,7037,0.41924337205838547,2021
Ward 59500035,17729,0,9890,0.5578430819561171,2021
Ward 59500036,18040,12,9513,0.5269776202082872,2021
Ward 59500037,19327,0,7326,0.3790552077404667,2021
Ward 59500038,16391,93,6305,0.3824921135646688,2021
Ward 59500039,16983,0,4901,0.28858270034740624,2021
Ward 59500040,17792,57,6845,0.38349487366239005,2021
Ward 59500041,14599,16,5218,0.35703044816968865,2021
Ward 59500042,14208,14,5407,0.3801856279004359,2021
Ward 59500043,14556,109,5492,0.37449710194340263,2021
Ward 59500044,15610,0,5935,0.38020499679692504,2021
Ward 59500045,18280,32,7130,0.38936216688510267,2021
Ward 59500046,12636,94,3924,0.3082482325216025,2021
Ward 59500047,18087,42,6294,0.34717855369849415,2021
Ward 59500048,16271,14,7660,0.47037150752225976,2021
Ward 59500049,19376,95,9588,0.49242463150326127,2021
Ward 59500050,18502,240,9718,0.5185145662149183,2021
Ward 59500051,17143,76,8258,0.47958650328125907,2021
Ward 59500052,16063,9,7711,0.47977849676455947,2021
Ward 59500053,18634,1,6011,0.32256506573651733,2021
Ward 59500054,16614,0,5708,0.3435656675093295,2021
Ward 59500055,16766,18,6551,0.39031220209723544,2021
Ward 59500056,19783,8,7613,0.3846697994037694,2021
Ward 59500057,15986,5,7072,0.44224876493027326,2021
Ward 59500058,17162,93,8157,0.472732541292379,2021
Ward 59500059,19645,1,8662,0.44090400081441516,2021
Ward 59500060,19601,411,8005,0.4000099940035978,2021
Ward 59500061,14990,17,7269,0.4843739588192177,2021
Ward 59500062,18511,170,8059,0.4314008886033938,2021
Ward 59500063,19013,178,9304,0.48481058829659734,2021
Ward 59500064,18756,147,7893,0.4175527694016823,2021
Ward 59500065,20450,49,9466,0.4617786233474804,2021
Ward 59500066,17931,95,8257,0.4580605791634306,2021
Ward 59500067,16092,91,6772,0.41846382005808563,2021
Ward 59500068,18449,230,8760,0.46897585523850316,2021
Ward 59500069,16608,127,8017,0.47905587092919033,2021
Ward 59500070,17235,79,8480,0.48977705902737667,2021
Ward 59500071,18914,29,8089,0.4270178957926411,2021
Ward 59500072,18662,7,7540,0.40387808666773795,2021
Ward 59500073,16717,50,8232,0.49096439434603684,2021
Ward 59500074,16849,59,6395,0.3782233262361013,2021
Ward 59500075,15275,35,6167,0.4028086218158067,2021
Ward 59500076,13534,2,3840,0.28368794326241137,2021
Ward 59500077,18331,71,8485,0.46109118574068036,2021
Ward 59500078,16856,116,6049,0.3564105585670516,2021
Ward 59500079,16593,92,5190,0.311057836379982,2021
Ward 59500080,14872,52,5521,0.3699410345751809,2021
Ward 59500081,14519,24,4658,0.32029154919892733,2021
Ward 59500082,15512,2,5224,0.3367281165398994,2021
Ward 59500083,13906,144,5105,0.3633451957295374,2021
Ward 59500084,15589,56,5980,0.382230744646852,2021
Ward 59500085,14086,32,4734,0.3353166170845729,2021
Ward 59500086,15418,40,5450,0.35256824945012294,2021
Ward 59500087,14462,0,4934,0.34116996266076616,2021
Ward 59500088,16706,409,5100,0.2979842243645925,2021
Ward 59500089,16438,133,6690,0.40371733751734956,2021
Ward 59500090,18496,92,8459,0.45507854529804176,2021
Ward 59500091,14578,120,6150,0.41842427541162064,2021
Ward 59500092,18318,110,7520,0.4080746689819839,2021
Ward 59500093,16703,43,7119,0.42511644571838053,2021
Ward 59500094,17391,90,6244,0.35718780390137866,2021
Ward 59500095,19498,173,8867,0.45076508565909207,2021
Ward 59500096,18738,258,8591,0.45225310591703516,2021
Ward 59500097,15464,119,7449,0.4780209202335879,2021
Ward 59500098,17670,112,7416,0.4170509503992802,2021
Ward 59500099,15935,121,8054,0.5016193323368211,2021
Ward 59500100,17627,215,9430,0.5285281919067369,2021
Ward 59500101,16200,110,5289,0.32427958307786636,2021
Ward 59500102,15895,134,7802,0.4867427787135816,2021
Ward 59500103,17742,16,9458,0.5326050230881856,2021
Ward 59500104,15725,40,5488,0.3481129083412623,2021
Ward 59500105,16914,164,9261,0.5422766131865558,2021
Ward 59500106,18174,154,8489,0.4631711043212571,2021
Ward 59500107,15246,0,6239,0.40922209104027285,2021
Ward 59500108,13385,4,6224,0.4648592127866159,2021
Ward 59500109,19250,69,6827,0.35338268026295355,2021
Ward 59500110,17814,22,8745,0.4903005158107199,2021
Ward 59500111,16603,49,5928,0.35599327408119147,2021
