,EstimatedValidWardVotes,EstimatedSharePercent
AFRICAN NATIONAL CONGRESS,214657.53506203173,40.46202652161385
DEMOCRATIC ALLIANCE,132937.59010073557,25.05816669711125
ECONOMIC FREEDOM FIGHTERS,57128.84083741012,10.768541958913083
INKATHA FREEDOM PARTY,39831.107303410514,7.507993230380242
INDEPENDENT,20621.248807383123,3.887017131320434
ACTIONSA,8506.1594279256,1.6033746417070394
ABANTU BATHO CONGRESS,6339.645368682868,1.1949960152628465
CAPE COLOURED CONGRESS,5519.739560150335,1.040447279946
AFRICAN CHRISTIAN DEMOCRATIC PARTY,4537.7743688727005,0.8553510446738704
ACTIVE CITIZENS COALITION,4081.4931711890317,0.7693439920136635
AFRICAN TRANSFORMATION MOVEMENT,3486.0054746452583,0.6570971101891516
PEOPLE'S FREEDOM PARTY,2629.054107280176,0.49556544560519405
JUSTICE AND EMPLOYMENT PARTY,2406.7836269032996,0.45366841147880255
NATIONAL FREEDOM PARTY,2293.4129509537547,0.4322985243433793
VRYHEIDSFRONT PLUS,1940.326945519978,0.3657433236971796
MINORITIES OF SOUTH AFRICA,1808.3406200390373,0.3408644663090292
UNITED INDEPENDENT MOVEMENT,1781.6683432428083,0.3358368563031239
AFRICAN DEMOCRATIC CHANGE,1681.7223198228558,0.3169974587055538
MINORITY FRONT,1544.9321883927742,0.29121310445859216
DEMOCRATIC LIBERAL CONGRESS,1538.0164142059243,0.28990951062721354
AFRICAN INDEPENDENT CONGRESS,1504.8745883189977,0.28366241831049605
PEOPLE'S REVOLUTIONARY MOVEMENT,1341.096273617119,0.25279090703921636
AFRICAN PEOPLE FIRST,1280.2444730189388,0.24132060310145795
PATRIOTIC ALLIANCE,997.9952746877572,0.18811783737846455
AL JAMA-AH,997.8489044884263,0.1880902472224256
KZN INDEPENDENCE,933.5603252536334,0.17597212522273267
ACTIVISTS MOVEMENT OF SOUTH AFRICA,925.954455932715,0.17453845141252142
TRULY ALLIANCE,907.2024810081552,0.17100378440672118
INDEPENDENT PEOPLE'S PARTY,818.3411642376201,0.15425380656468599
PAN AFRICANIST CONGRESS OF AZANIA,769.621904223119,0.14507043459383726
GOOD,729.0967061510721,0.13743160822461165
AFRICAN PEOPLE'S CONVENTION,575.1224372672511,0.10840811762400035
AFRICAN FREEDOM REVOLUTION,461.07294805807624,0.08691027709478436
BLACK FIRST LAND FIRST,348.0857987973447,0.0656126830985236
AFRICAN MANTUNGWA COMMUNITY,308.8107762415581,0.05820950946276006
ADVANCED DYNAMIC ALLIANCE,291.10817283043855,0.05487264449542807
UNITED CHRISTIAN DEMOCRATIC PARTY,287.9679559723587,0.05428072705931978
AZANIAN PEOPLE'S ORGANISATION,236.77030307178802,0.044630188638161476
AFRICA RESTORATION ALLIANCE,205.6643125466013,0.03876684257277663
AFRICAN PEOPLE'S MOVEMENT,203.19712677955312,0.03830178861643075
THE ORGANIC HUMANITY MOVEMENT,202.26058911628158,0.038125255275736084
ALLIED MOVEMENT FOR CHANGE,196.68493639538204,0.0370742686043241
DEMOCRATIC PEOPLE'S CONGRESS,167.82430333154642,0.03163416280919315
ACADEMIC CONGRESS UNION,166.3492434994284,0.03135612034480503
CONGRESS  OF THE PEOPLE,112.03210139353968,0.021117571561359703
FORUM 4 SERVICE DELIVERY,83.48992334334564,0.015737493173159447
UNITED CULTURAL MOVEMENT,68.24094131311819,0.01286312533344502
GOD SAVE AFRICA,66.23549013174559,0.0124851063700527
INTERNATIONAL PARTY,24.090128311359063,0.004540886069345817
AFRICAN FEDERAL CONVENTION,14.786174646838543,0.002787130628984
LAND PARTY,9.526750750628644,0.0017957517374144229
SPECTRUM NATIONAL PARTY,9.47183998593199,0.0017854012933136087
INDEPENDENT RATEPAYERS ASSOCIATION OF SA,0.0,0.0
FEDERAL PARTY SA,0.0,0.0
SOUTH AFRICAN POLITICAL PARTY,0.0,0.0
THE PROMISE OF FREEDOM,0.0,0.0
UNITED DEMOCRATIC MOVEMENT,0.0,0.0
UNITED PEOPLES PARTY,0.0,0.0
UNITED RESIDENTS FRONT,0.0,0.0
