Ward,ProjectedLeadingParty,EstimatedTurnoutPercent,LargestCategorySharePercent
Ward 59500001,AFRICAN NATIONAL CONGRESS,42.185481629496905,60.022928568364854
Ward 59500002,AFRICAN NATIONAL CONGRESS,29.439957719294448,57.043653398807116
Ward 59500003,AFRICAN NATIONAL CONGRESS,28.14948129038616,50.680876241923286
Ward 59500004,AFRICAN NATIONAL CONGRESS,28.327269032988987,60.72300751148507
Ward 59500005,AFRICAN NATIONAL CONGRESS,28.047641370664795,62.2557058384673
Ward 59500006,AFRICAN NATIONAL CONGRESS,27.941591570359236,56.28235244287182
Ward 59500007,AFRICAN NATIONAL CONGRESS,29.59124878522619,47.73982339343974
Ward 59500008,AFRICAN NATIONAL CONGRESS,30.706621202915198,38.0300979308736
Ward 59500009,DEMOCRATIC ALLIANCE,33.24419519852765,42.59088573723158
Ward 59500010,DEMOCRATIC ALLIANCE,44.57957642427837,73.5263143292659
Ward 59500011,DEMOCRATIC ALLIANCE,26.697786080661917,40.57164752732942
Ward 59500012,AFRICAN NATIONAL CONGRESS,28.191735942590242,58.74972808504593
Ward 59500013,AFRICAN NATIONAL CONGRESS,26.779795701005572,42.92470826922686
Ward 59500014,AFRICAN NATIONAL CONGRESS,27.414952270861555,58.2430445555808
Ward 59500015,AFRICAN NATIONAL CONGRESS,28.019652172783914,55.03742672869297
Ward 59500016,AFRICAN NATIONAL CONGRESS,27.85042790460772,41.41904809890268
Ward 59500017,AFRICAN NATIONAL CONGRESS,26.61610298137889,44.187484033814435
Ward 59500018,DEMOCRATIC ALLIANCE,29.697325780952237,70.5743716520868
Ward 59500019,AFRICAN NATIONAL CONGRESS,26.876715879607826,50.05262985505931
Ward 59500020,AFRICAN NATIONAL CONGRESS,28.205250763904576,59.00466951063231
Ward 59500021,AFRICAN NATIONAL CONGRESS,27.595338472443622,37.017107744242345
Ward 59500022,AFRICAN NATIONAL CONGRESS,27.900233105271287,58.931890072692305
Ward 59500023,DEMOCRATIC ALLIANCE,27.125887933421218,41.125532689129926
Ward 59500024,DEMOCRATIC ALLIANCE,27.197929723510804,36.181342513549204
Ward 59500025,AFRICAN NATIONAL CONGRESS,26.57106583014287,42.24429543892907
Ward 59500026,AFRICAN NATIONAL CONGRESS,26.644371030175503,35.95511851533329
Ward 59500027,DEMOCRATIC ALLIANCE,26.70474280750812,60.950924284472606
Ward 59500028,AFRICAN NATIONAL CONGRESS,26.419427138665398,43.810445810783804
Ward 59500029,AFRICAN NATIONAL CONGRESS,27.758732227634496,59.509702166310916
Ward 59500030,DEMOCRATIC ALLIANCE,26.991525675713373,52.35388909865705
Ward 59500031,DEMOCRATIC ALLIANCE,26.724942564256125,57.0929994943316
Ward 59500032,AFRICAN NATIONAL CONGRESS,26.291423592147577,46.06789244981956
Ward 59500033,DEMOCRATIC ALLIANCE,27.2337582164613,60.000306455575924
Ward 59500034,DEMOCRATIC ALLIANCE,26.71654173964788,42.53039367512136
Ward 59500035,DEMOCRATIC ALLIANCE,47.11951181621168,73.6704584987973
Ward 59500036,DEMOCRATIC ALLIANCE,33.42414866009518,73.66538077152238
Ward 59500037,AFRICAN NATIONAL CONGRESS,26.3658528833005,35.969145834208426
Ward 59500038,AFRICAN NATIONAL CONGRESS,27.919303167146726,51.71676751210059
Ward 59500039,AFRICAN NATIONAL CONGRESS,27.981486565442914,40.477872255376866
Ward 59500040,AFRICAN NATIONAL CONGRESS,27.93704006531429,54.91212887604714
Ward 59500041,AFRICAN NATIONAL CONGRESS,27.82394192536958,50.79027548076363
Ward 59500042,AFRICAN NATIONAL CONGRESS,27.36103761505695,57.57416438891588
Ward 59500043,AFRICAN NATIONAL CONGRESS,27.79362034475929,51.17764831896475
Ward 59500044,AFRICAN NATIONAL CONGRESS,27.459991049541987,54.73384040038657
Ward 59500045,AFRICAN NATIONAL CONGRESS,28.113293481065394,53.39058686893851
Ward 59500046,AFRICAN NATIONAL CONGRESS,27.422423987107948,51.7774077642054
Ward 59500047,AFRICAN NATIONAL CONGRESS,27.74287378396776,54.54946343709706
Ward 59500048,DEMOCRATIC ALLIANCE,29.525215819352624,52.6485433537092
Ward 59500049,DEMOCRATIC ALLIANCE,32.04214158447908,56.98215424802927
Ward 59500050,DEMOCRATIC ALLIANCE,32.58786792916152,58.01706714511958
Ward 59500051,DEMOCRATIC ALLIANCE,30.520890445121758,57.67894892277348
Ward 59500052,DEMOCRATIC ALLIANCE,28.30908007664979,55.09650275583149
Ward 59500053,AFRICAN NATIONAL CONGRESS,27.145414619991946,54.762869441288
Ward 59500054,AFRICAN NATIONAL CONGRESS,27.467793983081894,48.66487878777136
Ward 59500055,AFRICAN NATIONAL CONGRESS,28.004187730593898,54.14007834389859
Ward 59500056,AFRICAN NATIONAL CONGRESS,27.936095396108556,56.61908751418455
Ward 59500057,AFRICAN NATIONAL CONGRESS,27.539326899816192,59.757343568410114
Ward 59500058,DEMOCRATIC ALLIANCE,28.531021645336274,46.86752734080571
Ward 59500059,AFRICAN NATIONAL CONGRESS,26.540633223963027,45.95169979604978
Ward 59500060,AFRICAN NATIONAL CONGRESS,26.9321519599587,41.75208311769713
Ward 59500061,DEMOCRATIC ALLIANCE,28.645410349163996,35.337803515425584
Ward 59500062,AFRICAN NATIONAL CONGRESS,26.963502684120733,44.57522107630787
Ward 59500063,DEMOCRATIC ALLIANCE,31.66903756378,72.06916862293873
Ward 59500064,DEMOCRATIC ALLIANCE,26.942602958932994,59.69266271596607
Ward 59500065,DEMOCRATIC ALLIANCE,27.229468014405388,58.843324761596925
Ward 59500066,DEMOCRATIC ALLIANCE,30.553147911143665,72.79381326217279
Ward 59500067,AFRICAN NATIONAL CONGRESS,27.821083051273078,60.2816035181697
Ward 59500068,DEMOCRATIC ALLIANCE,30.41618468810131,45.4498083191314
Ward 59500069,DEMOCRATIC ALLIANCE,28.489172723537504,39.842686830668804
Ward 59500070,DEMOCRATIC ALLIANCE,30.8310559632896,58.74732043184188
Ward 59500071,DEMOCRATIC ALLIANCE,26.559131927911476,44.71313269936049
Ward 59500072,AFRICAN NATIONAL CONGRESS,26.48150541657779,44.30081020042933
Ward 59500073,DEMOCRATIC ALLIANCE,31.26471687844246,58.30470441617405
Ward 59500074,AFRICAN NATIONAL CONGRESS,27.939633246894203,57.64805415865369
Ward 59500075,AFRICAN NATIONAL CONGRESS,26.972131443431806,44.33299988182423
Ward 59500076,AFRICAN NATIONAL CONGRESS,27.41792567734566,51.80290439760815
Ward 59500077,DEMOCRATIC ALLIANCE,27.369806974535006,37.277025328415114
Ward 59500078,AFRICAN NATIONAL CONGRESS,27.373150552172586,54.43330674562262
Ward 59500079,AFRICAN NATIONAL CONGRESS,27.301355920730042,56.96633805667588
Ward 59500080,AFRICAN NATIONAL CONGRESS,27.170433416037465,58.34865959347795
Ward 59500081,AFRICAN NATIONAL CONGRESS,27.704262450887295,53.89147859796574
Ward 59500082,AFRICAN NATIONAL CONGRESS,28.282947034332224,53.21944617526216
Ward 59500083,AFRICAN NATIONAL CONGRESS,26.936730351121103,55.20472962377505
Ward 59500084,AFRICAN NATIONAL CONGRESS,27.832148250141557,53.83368400537759
Ward 59500085,AFRICAN NATIONAL CONGRESS,27.890649057427748,53.00272763998875
Ward 59500086,AFRICAN NATIONAL CONGRESS,27.781290150153698,56.3112457960558
Ward 59500087,AFRICAN NATIONAL CONGRESS,27.791800268166643,53.89949729775295
Ward 59500088,AFRICAN NATIONAL CONGRESS,27.991450323372668,50.93095266465523
Ward 59500089,AFRICAN NATIONAL CONGRESS,28.066287947370068,49.043519461683886
Ward 59500090,DEMOCRATIC ALLIANCE,27.185419315173124,37.86596384973248
Ward 59500091,AFRICAN NATIONAL CONGRESS,27.844888308415065,57.46131000680856
Ward 59500092,AFRICAN NATIONAL CONGRESS,26.624025483095675,44.097564112976684
Ward 59500093,DEMOCRATIC ALLIANCE,26.632377351712766,35.896008467932965
Ward 59500094,AFRICAN NATIONAL CONGRESS,27.901919324120723,54.340283052396224
Ward 59500095,AFRICAN NATIONAL CONGRESS,28.102967109734458,58.92467935178816
Ward 59500096,AFRICAN NATIONAL CONGRESS,27.888250408169835,55.072337067235466
Ward 59500097,DEMOCRATIC ALLIANCE,31.169995213240643,72.54235407072977
Ward 59500098,AFRICAN NATIONAL CONGRESS,27.565946048717716,54.93839104475763
Ward 59500099,AFRICAN NATIONAL CONGRESS,29.81364115104527,42.29213724438925
Ward 59500100,AFRICAN NATIONAL CONGRESS,31.475078564927916,55.79916409707686
Ward 59500101,AFRICAN NATIONAL CONGRESS,27.541556094009117,47.582895828576916
Ward 59500102,DEMOCRATIC ALLIANCE,28.31324740563207,42.6149396075581
Ward 59500103,AFRICAN NATIONAL CONGRESS,32.046374555560206,42.750593751312145
Ward 59500104,AFRICAN NATIONAL CONGRESS,26.57757880048685,49.36592951932876
Ward 59500105,AFRICAN NATIONAL CONGRESS,31.075357486415143,55.74846529089742
Ward 59500106,DEMOCRATIC ALLIANCE,26.84697823442922,53.05737922075922
Ward 59500107,AFRICAN NATIONAL CONGRESS,27.17832542470508,47.80306748468826
Ward 59500108,AFRICAN NATIONAL CONGRESS,27.231925608558292,59.696316779217206
Ward 59500109,AFRICAN NATIONAL CONGRESS,27.237936656460075,47.48177611270614
Ward 59500110,DEMOCRATIC ALLIANCE,29.334560458993973,39.99471675608887
Ward 59500111,AFRICAN NATIONAL CONGRESS,27.725389006944486,56.8813476374513
